benjamin,bergstrom,blueberry,add
clara,carlsson,cherryhill,add
david,dalstrom,datamind,add
emma,eriksson,evegreen,add
frank,fernandez,frostbite,add
grace,gustavsson,greenlight,add
henry,hansson,horizon,add
isabelle,ivarsson,icewater,add
jacob,jakobsson,jaguar,add
katherine,karlsson,keystone,add
liam,larsson,lighthouse,add
margaret,martinsson,mountain,add
nathan,nilsson,neverland,add
olivia,olofsson,oasis,add
peter,pettersson,pioneer,add
quinn,quist,quicksilver,add
robert,roberg,rainbow,add
sophia,samuelsson,sunflower,add
thomas,tomlinson,thunder,add
ursula,uggla,universe,add
victor,vestman,victory,add
william,wahlstrom,waterfall,add
xavier,xander,xenon,add
yasmin,young,yellowstone,add
zachary,zimmerman,zephyr,add
adrian,adolfsson,admiral,add
beatrice,bergman,beacon,add
christopher,christenson,crystal,add
diana,davidsson,diamond,add
edward,elmquist,emerald,add
fiona,falk,fable,add
gregory,granlund,granite,add
hannah,halberg,harmony,add
iris,isaksson,iris,add
justin,jansson,jasmine,add
kayla,keller,kingpin,add
lucas,lundgren,lunar,add
melissa,melander,meadow,add
nicholas,nordin,noble,add
ophelia,ohlsson,orchid,add
patrick,paulsson,palace,add
quinn,quensel,quarry,add
rachel,regnell,regent,add
samuel,soderberg,sapphire,add
tiffany,thor,topaz,add
ulysses,uldall,ultra,add
valerie,verner,velvet,add
walter,wallgren,wanderer,add
xander,xanthi,xtreme,add
yvonne,young,yonder,add
zara,zettergren,zenith,add
aaron,abel,anchor,add
bella,benson,bliss,add
carlos,carlson,canvas,add
danielle,danielsson,daring,add
eric,erikson,explorer,add
faye,faxen,fantasy,add
garrett,garlick,garnet,add
helen,hedstrom,haven,add
ian,ingleson,iris,add
jessica,johnson,jewel,add
kevin,kjelson,kindle,add
leah,lehmann,legacy,add
mason,matheson,matrix,add
nina,nelson,noble,add
oliver,olsen,onyx,add
priya,petersen,prisma,add
quinn,quintero,quartz,add
ryan,rydell,rhythm,add
samantha,sandstrom,sapphire,add
tyler,thornton,titan,add
unity,ullman,unique,add
vera,vega,vesper,add
wade,walsh,whisper,add
xavier,xavier,xander,add
yara,yamamoto,yarrow,add
zoe,ziegler,zenith,add
abigail,abraham,abyss,add
brandon,bradley,brandy,add
catherine,chambers,chalice,add
derek,delaney,deluge,add
elizabeth,ellis,elixir,add
gabriella,garcia,garland,add
harrison,harris,harbor,add
irene,irving,island,remove
jonathan,jones,journey,remove
kirsten,kingston,kindred,remove
lena,leslie,legend,remove
monique,monroe,moonlight,remove
nancy,newman,network,remove
owen,owens,override,remove
pamela,palmer,panther,remove
quinley,quinn,quintet,remove
ruby,richardson,radiant,remove
suzanne,soren,stellar,remove
tanya,taylor,tempest,remove
una,underwood,unfold,remove
vienna,vickers,vitality,remove
wendy,wells,whisper,remove
ximena,xu,xcite,remove
yuki,yahoo,yearning,remove
zelda,zhang,zoning,remove

